<?xml version="1.0" encoding="UTF-8"?>
<!DOCTYPE struts-config PUBLIC "-//Apache Software Foundation//DTD Struts Configuration 1.2//EN" "http://struts.apache.org/dtds/struts-config_1_2.dtd">
<struts-config>
  <data-sources>
  </data-sources>
  
  <form-beans>
  		<form-bean name="formatFormBean" type="coreservlets.FormatFormBean"/>
  </form-beans>
  
  <global-exceptions>
  </global-exceptions>
  <global-forwards>
  </global-forwards>
  
  <action-mappings>
  		<!-- 
			In this case, the address listed by <forward ... path="..."/> is accessed by RequestDispatcher.forward.
			<action path="..." type="..." name="..." scope="request">
    			<forward name="..." path="..."/>
    				
			User sees URL of Action, not of JSP page.
			Data can be request-scoped.
		-->
		
    	<action path="/actions/showSample"
            type="coreservlets.ShowSampleAction"
            name="formatFormBean"
            scope="request">
    		<forward name="success" path="/results/sample.jsp"/>
    		<forward name="missing-data" path="/forms/form1.jsp"/>
    	</action>
    	
    	<!-- 
			Redirecting instead of forwarding.
			By specifying redirect="true", you can tell the system to use response.sendRedirect instead.
			<action path="..." type="..." name="..." scope="session">
				<forward name="..." path="..." redirect="true"/>
			
			User sees URL of JSP page.
			Data must be session-scoped.
			You must clear out error messages each time.
		-->
		
    	<action path="/actions/showSample2" 
            type="coreservlets.ShowSampleAction"
            name="formatFormBean"
            scope="session">
      		<forward name="success" path="/results/sample.jsp"/>
      		<forward name="missing-data" path="/forms/form2.jsp" redirect="true"/>
    	</action>
    	
  </action-mappings>
  
  <controller processorClass="org.apache.struts.tiles.TilesRequestProcessor"/>
  <message-resources parameter="MessageResources"/>
  <plug-in className="org.apache.struts.tiles.TilesPlugin">
    <set-property property="definitions-config" value="/WEB-INF/tiles-defs.xml"/>
    <set-property property="moduleAware" value="true"/>
  </plug-in>
  <plug-in className="org.apache.struts.validator.ValidatorPlugIn">
    <set-property property="pathnames" value="/WEB-INF/validator-rules.xml,/WEB-INF/validation.xml"/>
  </plug-in>
</struts-config>
