<?xml version="1.0" encoding="UTF-8"?>
<!DOCTYPE struts-config PUBLIC "-//Apache Software Foundation//DTD Struts Configuration 1.2//EN" "http://struts.apache.org/dtds/struts-config_1_2.dtd">
<struts-config>
  <data-sources>
  </data-sources>
  
  <form-beans>
  	<form-bean name="orderFormBean" type="coreservlets.OrderFormBean"/>
  </form-beans>
  
  <global-exceptions>
  </global-exceptions>
  <global-forwards>
  </global-forwards>
  
  <action-mappings>
  	<action path="/actions/order" 
            type="coreservlets.Order"
            name="orderFormBean"
            scope="request" 
            input="/forms/order-form.jsp">
      <forward name="success" 
               path="/results/order-confirmation.jsp"/>
    </action>
  </action-mappings>
  
  <controller processorClass="org.apache.struts.tiles.TilesRequestProcessor"/>
  <message-resources parameter="MessageResources"/>
  <plug-in className="org.apache.struts.tiles.TilesPlugin">
    <set-property property="definitions-config" value="/WEB-INF/tiles-defs.xml"/>
    <set-property property="moduleAware" value="true"/>
  </plug-in>
  <plug-in className="org.apache.struts.validator.ValidatorPlugIn">
    <set-property property="pathnames" value="/WEB-INF/validator-rules.xml,/WEB-INF/validation.xml"/>
  </plug-in>
</struts-config>
