<?xml version="1.0" encoding="UTF-8"?>
<!DOCTYPE struts-config PUBLIC "-//Apache Software Foundation//DTD Struts Configuration 1.2//EN" "http://struts.apache.org/dtds/struts-config_1_2.dtd">
<struts-config>
  <data-sources>
  </data-sources>
  
  <form-beans>
  	<form-bean name="formatFormBean" type="coreservlets.FormatFormBean"/>		
  </form-beans>
  
  <global-exceptions>
  </global-exceptions>
  <global-forwards>
  </global-forwards>
  
  <action-mappings>
  <action path="/actions/showSample" 
            type="coreservlets.ShowSampleAction"
            name="formatFormBean"
            scope="request" 
            input="/forms/index.jsp">
      <forward name="success" 
               path="/results/sample.jsp"/>
    </action>
  </action-mappings>
  
  <controller processorClass="org.apache.struts.tiles.TilesRequestProcessor"/>
  <message-resources parameter="MessageResources"/>
  <plug-in className="org.apache.struts.tiles.TilesPlugin">
    <set-property property="definitions-config" value="/WEB-INF/tiles-defs.xml"/>
    <set-property property="moduleAware" value="true"/>
  </plug-in>
  
</struts-config>
