<project name="TCPMon">
	<title>Web Services Commons : TCPMon </title>
	<body>
		<menu name="TCPMon">
			<item name="Home" href="index.html"/>
			<item nane="Downloads">
				<item name="Releases" href="download.html"/>
				<item name="Source Code" href="http://svn.apache.org/viewcvs.cgi/webservices/commons/trunk/modules/tcpmon/"/>
			</item>
			<item name="Documentation">
				<item name="TCPMon Tutorial" href="tcpmontutorial.html"/>
				<item name="Javadocs" href="/apidocs/index.html"/>
			</item>
			<item name="Project Information">
				<item name="Mailing Lists" href="/mail-lists.html"/>
				<item name="Project Team" href="/team-list.html"/>
			</item>
		</menu>
	</body>
	
</project>
